ID,class
10000,86
10001,86
10002,86
10003,86
10004,86
10005,86
10006,86
10007,86
10008,86
10009,86
10010,86
10011,86
10012,86
10013,86
10014,86
10015,86
10016,86
10017,86
10018,86
10019,86
10020,86
10021,86
10022,86
10023,86
10024,86
10025,86
10026,86
10027,86
10028,86
10029,86
10030,86
10031,86
10032,86
10033,86
10034,86
10035,86
10036,86
10037,86
10038,86
10039,86
10040,86
10041,86
10042,86
10043,86
10044,86
10045,86
10046,86
10047,86
10048,86
10049,86
10050,86
10051,86
10052,86
10053,86
10054,86
10055,86
10056,86
10057,86
10058,86
10059,86
10060,86
10061,86
10062,86
10063,86
10064,86
10065,86
10066,86
10067,86
10068,86
10069,86
10070,86
10071,86
10072,86
10073,86
10074,86
10075,86
10076,86
10077,86
10078,86
10079,86
10080,86
10081,86
10082,86
10083,86
10084,86
10085,86
10086,86
10087,86
10088,86
10089,86
10090,86
10091,86
10092,86
10093,86
10094,86
10095,86
10096,86
10097,86
10098,86
10099,86
10100,86
10101,86
10102,86
10103,86
10104,86
10105,86
10106,86
10107,86
10108,86
10109,86
10110,86
10111,86
10112,86
10113,86
10114,86
10115,86
10116,86
10117,86
10118,86
10119,86
10120,86
10121,86
10122,86
10123,86
10124,86
10125,86
10126,86
10127,86
10128,86
10129,86
10130,86
10131,86
10132,86
10133,86
10134,86
10135,86
10136,86
10137,86
10138,86
10139,86
10140,86
10141,86
10142,86
10143,86
10144,86
10145,86
10146,86
10147,86
10148,86
10149,86
10150,86
10151,86
10152,86
10153,86
10154,86
10155,86
10156,86
10157,86
10158,86
10159,86
10160,86
10161,86
10162,86
10163,86
10164,86
10165,86
10166,86
10167,86
10168,86
10169,86
10170,86
10171,86
10172,86
10173,86
10174,86
10175,86
10176,86
10177,86
10178,86
10179,86
10180,86
10181,86
10182,86
10183,86
10184,86
10185,86
10186,86
10187,86
10188,86
10189,86
10190,86
10191,86
10192,86
10193,86
10194,86
10195,86
10196,86
10197,86
10198,86
10199,86
10200,86
10201,86
10202,86
10203,86
10204,86
10205,86
10206,86
10207,86
10208,86
10209,86
10210,86
10211,86
10212,86
10213,86
10214,86
10215,86
10216,86
10217,86
10218,86
10219,86
10220,86
10221,86
10222,86
10223,86
10224,86
10225,86
10226,86
10227,86
10228,86
10229,86
10230,86
10231,86
10232,86
10233,86
10234,86
10235,86
10236,86
10237,86
10238,86
10239,86
10240,86
10241,86
10242,86
10243,86
10244,86
10245,86
10246,86
10247,86
10248,86
10249,86
10250,86
10251,86
10252,86
10253,86
10254,86
10255,86
10256,86
10257,86
10258,86
10259,86
10260,86
10261,86
10262,86
10263,86
10264,86
10265,86
10266,86
10267,86
10268,86
10269,86
10270,86
10271,86
10272,86
10273,86
10274,86
10275,86
10276,86
10277,86
10278,86
10279,86
10280,86
10281,86
10282,86
10283,86
10284,86
10285,86
10286,86
10287,86
10288,86
10289,86
10290,86
10291,86
10292,86
10293,86
10294,86
10295,86
10296,86
10297,86
10298,86
10299,86
10300,86
10301,86
10302,86
10303,86
10304,86
10305,86
10306,86
10307,86
10308,86
10309,86
10310,86
10311,86
10312,86
10313,86
10314,86
10315,86
10316,86
10317,86
10318,86
10319,86
10320,86
10321,86
10322,86
10323,86
10324,86
10325,86
10326,86
10327,86
10328,86
10329,86
10330,86
10331,86
10332,86
10333,86
10334,86
10335,86
10336,86
10337,86
10338,86
10339,86
10340,86
10341,86
10342,86
10343,86
10344,86
10345,86
10346,86
10347,86
10348,86
10349,86
10350,86
10351,86
10352,86
10353,86
10354,86
10355,86
10356,86
10357,86
10358,86
10359,86
10360,86
10361,86
10362,86
10363,86
10364,86
10365,86
10366,86
10367,86
10368,86
10369,86
10370,86
10371,86
10372,86
10373,86
10374,86
10375,86
10376,86
10377,86
10378,86
10379,86
10380,86
10381,86
10382,86
10383,86
10384,86
10385,86
10386,86
10387,86
10388,86
10389,86
10390,86
10391,86
10392,86
10393,86
10394,86
10395,86
10396,86
10397,86
10398,86
10399,86
10400,86
10401,86
10402,86
10403,86
10404,86
10405,86
10406,86
10407,86
10408,86
10409,86
10410,86
10411,86
10412,86
10413,86
10414,86
10415,86
10416,86
10417,86
10418,86
10419,86
10420,86
10421,86
10422,86
10423,86
10424,86
10425,86
10426,86
10427,86
10428,86
10429,86
10430,86
10431,86
10432,86
10433,86
10434,86
10435,86
10436,86
10437,86
10438,86
10439,86
10440,86
10441,86
10442,86
10443,86
10444,86
10445,86
10446,86
10447,86
10448,86
10449,86
10450,86
10451,86
10452,86
10453,86
10454,86
10455,86
10456,86
10457,86
10458,86
10459,86
10460,86
10461,86
10462,86
10463,86
10464,86
10465,86
10466,86
10467,86
10468,86
10469,86
10470,86
10471,86
10472,86
10473,86
10474,86
10475,86
10476,86
10477,86
10478,86
10479,86
10480,86
10481,86
10482,86
10483,86
10484,86
10485,86
10486,86
10487,86
10488,86
10489,86
10490,86
10491,86
10492,86
10493,86
10494,86
10495,86
10496,86
10497,86
10498,86
10499,86
10500,86
10501,86
10502,86
10503,86
10504,86
10505,86
10506,86
10507,86
10508,86
10509,86
10510,86
10511,86
10512,86
10513,86
10514,86
10515,86
10516,86
10517,86
10518,86
10519,86
10520,86
10521,86
10522,86
10523,86
10524,86
10525,86
10526,86
10527,86
10528,86
10529,86
10530,86
10531,86
10532,86
10533,86
10534,86
10535,86
10536,86
10537,86
10538,86
10539,86
10540,86
10541,86
10542,86
10543,86
10544,86
10545,86
10546,86
10547,86
10548,86
10549,86
10550,86
10551,86
10552,86
10553,86
10554,86
10555,86
10556,86
10557,86
10558,86
10559,86
10560,86
10561,86
10562,86
10563,86
10564,86
10565,86
10566,86
10567,86
10568,86
10569,86
10570,86
10571,86
10572,86
10573,86
10574,86
10575,86
10576,86
10577,86
10578,86
10579,86
10580,86
10581,86
10582,86
10583,86
10584,86
10585,86
10586,86
10587,86
10588,86
10589,86
10590,86
10591,86
10592,86
10593,86
10594,86
10595,86
10596,86
10597,86
10598,86
10599,86
10600,86
10601,86
10602,86
10603,86
10604,86
10605,86
10606,86
10607,86
10608,86
10609,86
10610,86
10611,86
10612,86
10613,86
10614,86
10615,86
10616,86
10617,86
10618,86
10619,86
10620,86
10621,86
10622,86
10623,86
10624,86
10625,86
10626,86
10627,86
10628,86
10629,86
10630,86
10631,86
10632,86
10633,86
10634,86
10635,86
10636,86
10637,86
10638,86
10639,86
10640,86
10641,86
10642,86
10643,86
10644,86
10645,86
10646,86
10647,86
10648,86
10649,86
10650,86
10651,86
10652,86
10653,86
10654,86
10655,86
10656,86
10657,86
10658,86
10659,86
10660,86
10661,86
10662,86
10663,86
10664,86
10665,86
10666,86
10667,86
10668,86
10669,86
10670,86
10671,86
10672,86
10673,86
10674,86
10675,86
10676,86
10677,86
10678,86
10679,86
10680,86
10681,86
10682,86
10683,86
10684,86
10685,86
10686,86
10687,86
10688,86
10689,86
10690,86
10691,86
10692,86
10693,86
10694,86
10695,86
10696,86
10697,86
10698,86
10699,86
10700,86
10701,86
10702,86
10703,86
10704,86
10705,86
10706,86
10707,86
10708,86
10709,86
10710,86
10711,86
10712,86
10713,86
10714,86
10715,86
10716,86
10717,86
10718,86
10719,86
10720,86
10721,86
10722,86
10723,86
10724,86
10725,86
10726,86
10727,86
10728,86
10729,86
10730,86
10731,86
10732,86
10733,86
10734,86
10735,86
10736,86
10737,86
10738,86
10739,86
10740,86
10741,86
10742,86
10743,86
10744,86
10745,86
10746,86
10747,86
10748,86
10749,86
10750,86
10751,86
10752,86
10753,86
10754,86
10755,86
10756,86
10757,86
10758,86
10759,86
10760,86
10761,86
10762,86
10763,86
10764,86
10765,86
10766,86
10767,86
10768,86
10769,86
10770,86
10771,86
10772,86
10773,86
10774,86
10775,86
10776,86
10777,86
10778,86
10779,86
10780,86
10781,86
10782,86
10783,86
10784,86
10785,86
10786,86
10787,86
10788,86
10789,86
10790,86
10791,86
10792,86
10793,86
10794,86
10795,86
10796,86
10797,86
10798,86
10799,86
10800,86
10801,86
10802,86
10803,86
10804,86
10805,86
10806,86
10807,86
10808,86
10809,86
10810,86
10811,86
10812,86
10813,86
10814,86
10815,86
10816,86
10817,86
10818,86
10819,86
10820,86
10821,86
10822,86
10823,86
10824,86
10825,86
10826,86
10827,86
10828,86
10829,86
10830,86
10831,86
10832,86
10833,86
10834,86
10835,86
10836,86
10837,86
10838,86
10839,86
10840,86
10841,86
10842,86
10843,86
10844,86
10845,86
10846,86
10847,86
10848,86
10849,86
10850,86
10851,86
10852,86
10853,86
10854,86
10855,86
10856,86
10857,86
10858,86
10859,86
10860,86
10861,86
10862,86
10863,86
10864,86
10865,86
10866,86
10867,86
10868,86
10869,86
10870,86
10871,86
10872,86
10873,86
10874,86
10875,86
10876,86
10877,86
10878,86
10879,86
10880,86
10881,86
10882,86
10883,86
10884,86
10885,86
10886,86
10887,86
10888,86
10889,86
10890,86
10891,86
10892,86
10893,86
10894,86
10895,86
10896,86
10897,86
10898,86
10899,86
10900,86
10901,86
10902,86
10903,86
10904,86
10905,86
10906,86
10907,86
10908,86
10909,86
10910,86
10911,86
10912,86
10913,86
10914,86
10915,86
10916,86
10917,86
10918,86
10919,86
10920,86
10921,86
10922,86
10923,86
10924,86
10925,86
10926,86
10927,86
10928,86
10929,86
10930,86
10931,86
10932,86
10933,86
10934,86
10935,86
10936,86
10937,86
10938,86
10939,86
10940,86
10941,86
10942,86
10943,86
10944,86
10945,86
10946,86
10947,86
10948,86
10949,86
10950,86
10951,86
10952,86
10953,86
10954,86
10955,86
10956,86
10957,86
10958,86
10959,86
10960,86
10961,86
10962,86
10963,86
10964,86
10965,86
10966,86
10967,86
10968,86
10969,86
10970,86
10971,86
10972,86
10973,86
10974,86
10975,86
10976,86
10977,86
10978,86
10979,86
10980,86
10981,86
10982,86
10983,86
10984,86
10985,86
10986,86
10987,86
10988,86
10989,86
10990,86
10991,86
10992,86
10993,86
10994,86
10995,86
10996,86
10997,86
10998,86
10999,86
11000,86
11001,86
11002,86
11003,86
11004,86
11005,86
11006,86
11007,86
11008,86
11009,86
11010,86
11011,86
11012,86
11013,86
11014,86
11015,86
11016,86
11017,86
11018,86
11019,86
11020,86
11021,86
11022,86
11023,86
11024,86
11025,86
11026,86
11027,86
11028,86
11029,86
11030,86
11031,86
11032,86
11033,86
11034,86
11035,86
11036,86
11037,86
11038,86
11039,86
11040,86
11041,86
11042,86
11043,86
11044,86
11045,86
11046,86
11047,86
11048,86
11049,86
11050,86
11051,86
11052,86
11053,86
11054,86
11055,86
11056,86
11057,86
11058,86
11059,86
11060,86
11061,86
11062,86
11063,86
11064,86
11065,86
11066,86
11067,86
11068,86
11069,86
11070,86
11071,86
11072,86
11073,86
11074,86
11075,86
11076,86
11077,86
11078,86
11079,86
11080,86
11081,86
11082,86
11083,86
11084,86
11085,86
11086,86
11087,86
11088,86
11089,86
11090,86
11091,86
11092,86
11093,86
11094,86
11095,86
11096,86
11097,86
11098,86
11099,86
11100,86
11101,86
11102,86
11103,86
11104,86
11105,86
11106,86
11107,86
11108,86
11109,86
11110,86
11111,86
11112,86
11113,86
11114,86
11115,86
11116,86
11117,86
11118,86
11119,86
11120,86
11121,86
11122,86
11123,86
11124,86
11125,86
11126,86
11127,86
11128,86
11129,86
11130,86
11131,86
11132,86
11133,86
11134,86
11135,86
11136,86
11137,86
11138,86
11139,86
11140,86
11141,86
11142,86
11143,86
11144,86
11145,86
11146,86
11147,86
11148,86
11149,86
11150,86
11151,86
11152,86
11153,86
11154,86
11155,86
11156,86
11157,86
11158,86
11159,86
11160,86
11161,86
11162,86
11163,86
11164,86
11165,86
11166,86
11167,86
11168,86
11169,86
11170,86
11171,86
11172,86
11173,86
11174,86
11175,86
11176,86
11177,86
11178,86
11179,86
11180,86
11181,86
11182,86
11183,86
11184,86
11185,86
11186,86
11187,86
11188,86
11189,86
11190,86
11191,86
11192,86
11193,86
11194,86
11195,86
11196,86
11197,86
11198,86
11199,86
11200,86
11201,86
11202,86
11203,86
11204,86
11205,86
11206,86
11207,86
11208,86
11209,86
11210,86
11211,86
11212,86
11213,86
11214,86
11215,86
11216,86
11217,86
11218,86
11219,86
11220,86
11221,86
11222,86
11223,86
11224,86
11225,86
11226,86
11227,86
11228,86
11229,86
11230,86
11231,86
11232,86
11233,86
11234,86
11235,86
11236,86
11237,86
11238,86
11239,86
11240,86
11241,86
11242,86
11243,86
11244,86
11245,86
11246,86
11247,86
11248,86
11249,86
11250,86
11251,86
11252,86
11253,86
11254,86
11255,86
11256,86
11257,86
11258,86
11259,86
11260,86
11261,86
11262,86
11263,86
11264,86
11265,86
11266,86
11267,86
11268,86
11269,86
11270,86
11271,86
11272,86
11273,86
11274,86
11275,86
11276,86
11277,86
11278,86
11279,86
11280,86
11281,86
11282,86
11283,86
11284,86
11285,86
11286,86
11287,86
11288,86
11289,86
11290,86
11291,86
11292,86
11293,86
11294,86
11295,86
11296,86
11297,86
11298,86
11299,86
11300,86
11301,86
11302,86
11303,86
11304,86
11305,86
11306,86
11307,86
11308,86
11309,86
11310,86
11311,86
11312,86
11313,86
11314,86
11315,86
11316,86
11317,86
11318,86
11319,86
11320,86
11321,86
11322,86
11323,86
11324,86
11325,86
11326,86
11327,86
11328,86
11329,86
11330,86
11331,86
11332,86
11333,86
11334,86
11335,86
11336,86
11337,86
11338,86
11339,86
11340,86
11341,86
11342,86
11343,86
11344,86
11345,86
11346,86
11347,86
11348,86
11349,86
11350,86
11351,86
11352,86
11353,86
11354,86
11355,86
11356,86
11357,86
11358,86
11359,86
11360,86
11361,86
11362,86
11363,86
11364,86
11365,86
11366,86
11367,86
11368,86
11369,86
11370,86
11371,86
11372,86
11373,86
11374,86
11375,86
11376,86
11377,86
11378,86
11379,86
11380,86
11381,86
11382,86
11383,86
11384,86
11385,86
11386,86
11387,86
11388,86
11389,86
11390,86
11391,86
11392,86
11393,86
11394,86
11395,86
11396,86
11397,86
11398,86
11399,86
11400,86
11401,86
11402,86
11403,86
11404,86
11405,86
11406,86
11407,86
11408,86
11409,86
11410,86
11411,86
11412,86
11413,86
11414,86
11415,86
11416,86
11417,86
11418,86
11419,86
11420,86
11421,86
11422,86
11423,86
11424,86
11425,86
11426,86
11427,86
11428,86
11429,86
11430,86
11431,86
11432,86
11433,86
11434,86
11435,86
11436,86
11437,86
11438,86
11439,86
11440,86
11441,86
11442,86
11443,86
11444,86
11445,86
11446,86
11447,86
11448,86
11449,86
11450,86
11451,86
11452,86
11453,86
11454,86
11455,86
11456,86
11457,86
11458,86
11459,86
11460,86
11461,86
11462,86
11463,86
11464,86
11465,86
11466,86
11467,86
11468,86
11469,86
11470,86
11471,86
11472,86
11473,86
11474,86
11475,86
11476,86
11477,86
11478,86
11479,86
11480,86
11481,86
11482,86
11483,86
11484,86
11485,86
11486,86
11487,86
11488,86
11489,86
11490,86
11491,86
11492,86
11493,86
11494,86
11495,86
11496,86
11497,86
11498,86
11499,86
11500,86
11501,86
11502,86
11503,86
11504,86
11505,86
11506,86
11507,86
11508,86
11509,86
11510,86
11511,86
11512,86
11513,86
11514,86
11515,86
11516,86
11517,86
11518,86
11519,86
11520,86
11521,86
11522,86
11523,86
11524,86
11525,86
11526,86
11527,86
11528,86
11529,86
11530,86
11531,86
11532,86
11533,86
11534,86
11535,86
11536,86
11537,86
11538,86
11539,86
11540,86
11541,86
11542,86
11543,86
11544,86
11545,86
11546,86
11547,86
11548,86
11549,86
11550,86
11551,86
11552,86
11553,86
11554,86
11555,86
11556,86
11557,86
11558,86
11559,86
11560,86
11561,86
11562,86
11563,86
11564,86
11565,86
11566,86
11567,86
11568,86
11569,86
11570,86
11571,86
11572,86
11573,86
11574,86
11575,86
11576,86
11577,86
11578,86
11579,86
11580,86
11581,86
11582,86
11583,86
11584,86
11585,86
11586,86
11587,86
11588,86
11589,86
11590,86
11591,86
11592,86
11593,86
11594,86
11595,86
11596,86
11597,86
11598,86
11599,86
11600,86
11601,86
11602,86
11603,86
11604,86
11605,86
11606,86
11607,86
11608,86
11609,86
11610,86
11611,86
11612,86
11613,86
11614,86
11615,86
11616,86
11617,86
11618,86
11619,86
11620,86
11621,86
11622,86
11623,86
11624,86
11625,86
11626,86
11627,86
11628,86
11629,86
11630,86
11631,86
11632,86
11633,86
11634,86
11635,86
11636,86
11637,86
11638,86
11639,86
11640,86
11641,86
11642,86
11643,86
11644,86
11645,86
11646,86
11647,86
11648,86
11649,86
11650,86
11651,86
11652,86
11653,86
11654,86
11655,86
11656,86
11657,86
11658,86
11659,86
11660,86
11661,86
11662,86
11663,86
11664,86
11665,86
11666,86
11667,86
11668,86
11669,86
11670,86
11671,86
11672,86
11673,86
11674,86
11675,86
11676,86
11677,86
11678,86
11679,86
11680,86
11681,86
11682,86
11683,86
11684,86
11685,86
11686,86
11687,86
11688,86
11689,86
11690,86
11691,86
11692,86
11693,86
11694,86
11695,86
11696,86
11697,86
11698,86
11699,86
11700,86
11701,86
11702,86
11703,86
11704,86
11705,86
11706,86
11707,86
11708,86
11709,86
11710,86
11711,86
11712,86
11713,86
11714,86
11715,86
11716,86
11717,86
11718,86
11719,86
11720,86
11721,86
11722,86
11723,86
11724,86
11725,86
11726,86
11727,86
11728,86
11729,86
11730,86
11731,86
11732,86
11733,86
11734,86
11735,86
11736,86
11737,86
11738,86
11739,86
11740,86
11741,86
11742,86
11743,86
11744,86
11745,86
11746,86
11747,86
11748,86
11749,86
11750,86
11751,86
11752,86
11753,86
11754,86
11755,86
11756,86
11757,86
11758,86
11759,86
11760,86
11761,86
11762,86
11763,86
11764,86
11765,86
11766,86
11767,86
11768,86
11769,86
11770,86
11771,86
11772,86
11773,86
11774,86
11775,86
11776,86
11777,86
11778,86
11779,86
11780,86
11781,86
11782,86
11783,86
11784,86
11785,86
11786,86
11787,86
11788,86
11789,86
11790,86
11791,86
11792,86
11793,86
11794,86
11795,86
11796,86
11797,86
11798,86
11799,86
11800,86
11801,86
11802,86
11803,86
11804,86
11805,86
11806,86
11807,86
11808,86
11809,86
11810,86
11811,86
11812,86
11813,86
11814,86
11815,86
11816,86
11817,86
11818,86
11819,86
11820,86
11821,86
11822,86
11823,86
11824,86
11825,86
11826,86
11827,86
11828,86
11829,86
11830,86
11831,86
11832,86
11833,86
11834,86
11835,86
11836,86
11837,86
11838,86
11839,86
11840,86
11841,86
11842,86
11843,86
11844,86
11845,86
11846,86
11847,86
11848,86
11849,86
11850,86
11851,86
11852,86
11853,86
11854,86
11855,86
11856,86
11857,86
11858,86
11859,86
11860,86
11861,86
11862,86
11863,86
11864,86
11865,86
11866,86
11867,86
11868,86
11869,86
11870,86
11871,86
11872,86
11873,86
11874,86
11875,86
11876,86
11877,86
11878,86
11879,86
11880,86
11881,86
11882,86
11883,86
11884,86
11885,86
11886,86
11887,86
11888,86
11889,86
11890,86
11891,86
11892,86
11893,86
11894,86
11895,86
11896,86
11897,86
11898,86
11899,86
11900,86
11901,86
11902,86
11903,86
11904,86
11905,86
11906,86
11907,86
11908,86
11909,86
11910,86
11911,86
11912,86
11913,86
11914,86
11915,86
11916,86
11917,86
11918,86
11919,86
11920,86
11921,86
11922,86
11923,86
11924,86
11925,86
11926,86
11927,86
11928,86
11929,86
11930,86
11931,86
11932,86
11933,86
11934,86
11935,86
11936,86
11937,86
11938,86
11939,86
11940,86
11941,86
11942,86
11943,86
11944,86
11945,86
11946,86
11947,86
11948,86
11949,86
11950,86
11951,86
11952,86
11953,86
11954,86
11955,86
11956,86
11957,86
11958,86
11959,86
11960,86
11961,86
11962,86
11963,86
11964,86
11965,86
11966,86
11967,86
11968,86
11969,86
11970,86
11971,86
11972,86
11973,86
11974,86
11975,86
11976,86
11977,86
11978,86
11979,86
11980,86
11981,86
11982,86
11983,86
11984,86
11985,86
11986,86
11987,86
11988,86
11989,86
11990,86
11991,86
11992,86
11993,86
11994,86
11995,86
11996,86
11997,86
11998,86
11999,86
12000,86
12001,86
12002,86
12003,86
12004,86
12005,86
12006,86
12007,86
12008,86
12009,86
12010,86
12011,86
12012,86
12013,86
12014,86
12015,86
12016,86
12017,86
12018,86
12019,86
12020,86
12021,86
12022,86
12023,86
12024,86
12025,86
12026,86
12027,86
12028,86
12029,86
12030,86
12031,86
12032,86
12033,86
12034,86
12035,86
12036,86
12037,86
12038,86
12039,86
12040,86
12041,86
12042,86
12043,86
12044,86
12045,86
12046,86
12047,86
12048,86
12049,86
12050,86
12051,86
12052,86
12053,86
12054,86
12055,86
12056,86
12057,86
12058,86
12059,86
12060,86
12061,86
12062,86
12063,86
12064,86
12065,86
12066,86
12067,86
12068,86
12069,86
12070,86
12071,86
12072,86
12073,86
12074,86
12075,86
12076,86
12077,86
12078,86
12079,86
12080,86
12081,86
12082,86
12083,86
12084,86
12085,86
12086,86
12087,86
12088,86
12089,86
12090,86
12091,86
12092,86
12093,86
12094,86
12095,86
12096,86
12097,86
12098,86
12099,86
12100,86
12101,86
12102,86
12103,86
12104,86
12105,86
12106,86
12107,86
12108,86
12109,86
12110,86
12111,86
12112,86
12113,86
12114,86
12115,86
12116,86
12117,86
12118,86
12119,86
12120,86
12121,86
12122,86
12123,86
12124,86
12125,86
12126,86
12127,86
12128,86
12129,86
12130,86
12131,86
12132,86
12133,86
12134,86
12135,86
12136,86
12137,86
12138,86
12139,86
12140,86
12141,86
12142,86
12143,86
12144,86
12145,86
12146,86
12147,86
12148,86
12149,86
12150,86
12151,86
12152,86
12153,86
12154,86
12155,86
12156,86
12157,86
12158,86
12159,86
12160,86
12161,86
12162,86
12163,86
12164,86
12165,86
12166,86
12167,86
12168,86
12169,86
12170,86
12171,86
12172,86
12173,86
12174,86
12175,86
12176,86
12177,86
12178,86
12179,86
12180,86
12181,86
12182,86
12183,86
12184,86
12185,86
12186,86
12187,86
12188,86
12189,86
12190,86
12191,86
12192,86
12193,86
12194,86
12195,86
12196,86
12197,86
12198,86
12199,86
12200,86
12201,86
12202,86
12203,86
12204,86
12205,86
12206,86
12207,86
12208,86
12209,86
12210,86
12211,86
12212,86
12213,86
12214,86
12215,86
12216,86
12217,86
12218,86
12219,86
12220,86
12221,86
12222,86
12223,86
12224,86
12225,86
12226,86
12227,86
12228,86
12229,86
12230,86
12231,86
12232,86
12233,86
12234,86
12235,86
12236,86
12237,86
12238,86
12239,86
12240,86
12241,86
12242,86
12243,86
12244,86
12245,86
12246,86
12247,86
12248,86
12249,86
12250,86
12251,86
12252,86
12253,86
12254,86
12255,86
12256,86
12257,86
12258,86
12259,86
12260,86
12261,86
12262,86
12263,86
12264,86
12265,86
12266,86
12267,86
12268,86
12269,86
12270,86
12271,86
12272,86
12273,86
12274,86
12275,86
12276,86
12277,86
12278,86
12279,86
12280,86
12281,86
12282,86
12283,86
12284,86
12285,86
12286,86
12287,86
12288,86
12289,86
12290,86
12291,86
12292,86
12293,86
12294,86
12295,86
12296,86
12297,86
12298,86
12299,86
12300,86
12301,86
12302,86
12303,86
12304,86
12305,86
12306,86
12307,86
12308,86
12309,86
12310,86
12311,86
12312,86
12313,86
12314,86
12315,86
12316,86
12317,86
12318,86
12319,86
12320,86
12321,86
12322,86
12323,86
12324,86
12325,86
12326,86
12327,86
12328,86
12329,86
12330,86
12331,86
12332,86
12333,86
12334,86
12335,86
12336,86
12337,86
12338,86
12339,86
12340,86
12341,86
12342,86
12343,86
12344,86
12345,86
12346,86
12347,86
12348,86
12349,86
12350,86
12351,86
12352,86
12353,86
12354,86
12355,86
12356,86
12357,86
12358,86
12359,86
12360,86
12361,86
12362,86
12363,86
12364,86
12365,86
12366,86
12367,86
12368,86
12369,86
12370,86
12371,86
12372,86
12373,86
12374,86
12375,86
12376,86
12377,86
12378,86
12379,86
12380,86
12381,86
12382,86
12383,86
12384,86
12385,86
12386,86
12387,86
12388,86
12389,86
12390,86
12391,86
12392,86
12393,86
12394,86
12395,86
12396,86
12397,86
12398,86
12399,86
12400,86
12401,86
12402,86
12403,86
12404,86
12405,86
12406,86
12407,86
12408,86
12409,86
12410,86
12411,86
12412,86
12413,86
12414,86
12415,86
12416,86
12417,86
12418,86
12419,86
12420,86
12421,86
12422,86
12423,86
12424,86
12425,86
12426,86
12427,86
12428,86
12429,86
12430,86
12431,86
12432,86
12433,86
12434,86
12435,86
12436,86
12437,86
12438,86
12439,86
12440,86
12441,86
12442,86
12443,86
12444,86
12445,86
12446,86
12447,86
12448,86
12449,86
12450,86
12451,86
12452,86
12453,86
12454,86
12455,86
12456,86
12457,86
12458,86
12459,86
12460,86
12461,86
12462,86
12463,86
12464,86
12465,86
12466,86
12467,86
12468,86
12469,86
12470,86
12471,86
12472,86
12473,86
12474,86
12475,86
12476,86
12477,86
12478,86
12479,86
12480,86
12481,86
12482,86
12483,86
12484,86
12485,86
12486,86
12487,86
12488,86
12489,86
12490,86
12491,86
12492,86
12493,86
12494,86
12495,86
12496,86
12497,86
12498,86
12499,86
12500,86
12501,86
12502,86
12503,86
12504,86
12505,86
12506,86
12507,86
12508,86
12509,86
12510,86
12511,86
12512,86
12513,86
12514,86
12515,86
12516,86
12517,86
12518,86
12519,86
12520,86
12521,86
12522,86
12523,86
12524,86
12525,86
12526,86
12527,86
12528,86
12529,86
12530,86
12531,86
12532,86
12533,86
12534,86
12535,86
12536,86
12537,86
12538,86
12539,86
12540,86
12541,86
12542,86
12543,86
12544,86
12545,86
12546,86
12547,86
12548,86
12549,86
12550,86
12551,86
12552,86
12553,86
12554,86
12555,86
12556,86
12557,86
12558,86
12559,86
12560,86
12561,86
12562,86
12563,86
12564,86
12565,86
12566,86
12567,86
12568,86
12569,86
12570,86
12571,86
12572,86
12573,86
12574,86
12575,86
12576,86
12577,86
12578,86
12579,86
12580,86
12581,86
12582,86
12583,86
12584,86
12585,86
12586,86
12587,86
12588,86
12589,86
12590,86
12591,86
12592,86
12593,86
12594,86
12595,86
12596,86
12597,86
12598,86
12599,86
12600,86
12601,86
12602,86
12603,86
12604,86
12605,86
12606,86
12607,86
12608,86
12609,86
12610,86
12611,86
12612,86
12613,86
12614,86
12615,86
12616,86
12617,86
12618,86
12619,86
12620,86
12621,86
12622,86
12623,86
12624,86
12625,86
12626,86
12627,86
12628,86
12629,86
12630,86
12631,86
12632,86
12633,86
12634,86
12635,86
12636,86
12637,86
12638,86
12639,86
12640,86
12641,86
12642,86
12643,86
12644,86
12645,86
12646,86
12647,86
12648,86
12649,86
12650,86
12651,86
12652,86
12653,86
12654,86
12655,86
12656,86
12657,86
12658,86
12659,86
12660,86
12661,86
12662,86
12663,86
12664,86
12665,86
12666,86
12667,86
12668,86
12669,86
12670,86
12671,86
12672,86
12673,86
12674,86
12675,86
12676,86
12677,86
12678,86
12679,86
12680,86
12681,86
12682,86
12683,86
12684,86
12685,86
12686,86
12687,86
12688,86
12689,86
12690,86
12691,86
12692,86
12693,86
12694,86
12695,86
12696,86
12697,86
12698,86
12699,86
12700,86
12701,86
12702,86
12703,86
12704,86
12705,86
12706,86
12707,86
12708,86
12709,86
12710,86
12711,86
12712,86
12713,86
12714,86
12715,86
12716,86
12717,86
12718,86
12719,86
12720,86
12721,86
12722,86
12723,86
12724,86
12725,86
12726,86
12727,86
12728,86
12729,86
12730,86
12731,86
12732,86
12733,86
12734,86
12735,86
12736,86
12737,86
12738,86
12739,86
12740,86
12741,86
12742,86
12743,86
12744,86
12745,86
12746,86
12747,86
12748,86
12749,86
12750,86
12751,86
12752,86
12753,86
12754,86
12755,86
12756,86
12757,86
12758,86
12759,86
12760,86
12761,86
12762,86
12763,86
12764,86
12765,86
12766,86
12767,86
12768,86
12769,86
12770,86
12771,86
12772,86
12773,86
12774,86
12775,86
12776,86
12777,86
12778,86
12779,86
12780,86
12781,86
12782,86
12783,86
12784,86
12785,86
12786,86
12787,86
12788,86
12789,86
12790,86
12791,86
12792,86
12793,86
12794,86
12795,86
12796,86
12797,86
12798,86
12799,86
12800,86
12801,86
12802,86
12803,86
12804,86
12805,86
12806,86
12807,86
12808,86
12809,86
12810,86
12811,86
12812,86
12813,86
12814,86
12815,86
12816,86
12817,86
12818,86
12819,86
12820,86
12821,86
12822,86
12823,86
12824,86
12825,86
12826,86
12827,86
12828,86
12829,86
12830,86
12831,86
12832,86
12833,86
12834,86
12835,86
12836,86
12837,86
12838,86
12839,86
12840,86
12841,86
12842,86
12843,86
12844,86
12845,86
12846,86
12847,86
12848,86
12849,86
12850,86
12851,86
12852,86
12853,86
12854,86
12855,86
12856,86
12857,86
12858,86
12859,86
12860,86
12861,86
12862,86
12863,86
12864,86
12865,86
12866,86
12867,86
12868,86
12869,86
12870,86
12871,86
12872,86
12873,86
12874,86
12875,86
12876,86
12877,86
12878,86
12879,86
12880,86
12881,86
12882,86
12883,86
12884,86
12885,86
12886,86
12887,86
12888,86
12889,86
12890,86
12891,86
12892,86
12893,86
12894,86
12895,86
12896,86
12897,86
12898,86
12899,86
12900,86
12901,86
12902,86
12903,86
12904,86
12905,86
12906,86
12907,86
12908,86
12909,86
12910,86
12911,86
12912,86
12913,86
12914,86
12915,86
12916,86
12917,86
12918,86
12919,86
12920,86
12921,86
12922,86
12923,86
12924,86
12925,86
12926,86
12927,86
12928,86
12929,86
12930,86
12931,86
12932,86
12933,86
12934,86
12935,86
12936,86
12937,86
12938,86
12939,86
12940,86
12941,86
12942,86
12943,86
12944,86
12945,86
12946,86
12947,86
12948,86
12949,86
12950,86
12951,86
12952,86
12953,86
12954,86
12955,86
12956,86
12957,86
12958,86
12959,86
12960,86
12961,86
12962,86
12963,86
12964,86
12965,86
12966,86
12967,86
12968,86
12969,86
12970,86
12971,86
12972,86
12973,86
12974,86
12975,86
12976,86
12977,86
12978,86
12979,86
12980,86
12981,86
12982,86
12983,86
12984,86
12985,86
12986,86
12987,86
12988,86
12989,86
12990,86
12991,86
12992,86
12993,86
12994,86
12995,86
12996,86
12997,86
12998,86
12999,86
13000,86
13001,86
13002,86
13003,86
13004,86
13005,86
13006,86
13007,86
13008,86
13009,86
13010,86
13011,86
13012,86
13013,86
13014,86
13015,86
13016,86
13017,86
13018,86
13019,86
13020,86
13021,86
13022,86
13023,86
13024,86
13025,86
13026,86
13027,86
13028,86
13029,86
13030,86
13031,86
13032,86
13033,86
13034,86
13035,86
13036,86
13037,86
13038,86
13039,86
13040,86
13041,86
13042,86
13043,86
13044,86
13045,86
13046,86
13047,86
13048,86
13049,86
13050,86
13051,86
13052,86
13053,86
13054,86
13055,86
13056,86
13057,86
13058,86
13059,86
13060,86
13061,86
13062,86
13063,86
13064,86
13065,86
13066,86
13067,86
13068,86
13069,86
13070,86
13071,86
13072,86
13073,86
13074,86
13075,86
13076,86
13077,86
13078,86
13079,86
13080,86
13081,86
13082,86
13083,86
13084,86
13085,86
13086,86
13087,86
13088,86
13089,86
13090,86
13091,86
13092,86
13093,86
13094,86
13095,86
13096,86
13097,86
13098,86
13099,86
13100,86
13101,86
13102,86
13103,86
13104,86
13105,86
13106,86
13107,86
13108,86
13109,86
13110,86
13111,86
13112,86
13113,86
13114,86
13115,86
13116,86
13117,86
13118,86
13119,86
13120,86
13121,86
13122,86
13123,86
13124,86
13125,86
13126,86
13127,86
13128,86
13129,86
13130,86
13131,86
13132,86
13133,86
13134,86
13135,86
13136,86
13137,86
13138,86
13139,86
13140,86
13141,86
13142,86
13143,86
13144,86
13145,86
13146,86
13147,86
13148,86
13149,86
13150,86
13151,86
13152,86
13153,86
13154,86
13155,86
13156,86
13157,86
13158,86
13159,86
13160,86
13161,86
13162,86
13163,86
13164,86
13165,86
13166,86
13167,86
13168,86
13169,86
13170,86
13171,86
13172,86
13173,86
13174,86
13175,86
13176,86
13177,86
13178,86
13179,86
13180,86
13181,86
13182,86
13183,86
13184,86
13185,86
13186,86
13187,86
13188,86
13189,86
13190,86
13191,86
13192,86
13193,86
13194,86
13195,86
13196,86
13197,86
13198,86
13199,86
13200,86
13201,86
13202,86
13203,86
13204,86
13205,86
13206,86
13207,86
13208,86
13209,86
13210,86
13211,86
13212,86
13213,86
13214,86
13215,86
13216,86
13217,86
13218,86
13219,86
13220,86
13221,86
13222,86
13223,86
13224,86
13225,86
13226,86
13227,86
13228,86
13229,86
13230,86
13231,86
13232,86
13233,86
13234,86
13235,86
13236,86
13237,86
13238,86
13239,86
13240,86
13241,86
13242,86
13243,86
13244,86
13245,86
13246,86
13247,86
13248,86
13249,86
13250,86
13251,86
13252,86
13253,86
13254,86
13255,86
13256,86
13257,86
13258,86
13259,86
13260,86
13261,86
13262,86
13263,86
13264,86
13265,86
13266,86
13267,86
13268,86
13269,86
13270,86
13271,86
13272,86
13273,86
13274,86
13275,86
13276,86
13277,86
13278,86
13279,86
13280,86
13281,86
13282,86
13283,86
13284,86
13285,86
13286,86
13287,86
13288,86
13289,86
13290,86
13291,86
13292,86
13293,86
13294,86
13295,86
13296,86
13297,86
13298,86
13299,86
13300,86
13301,86
13302,86
13303,86
13304,86
13305,86
13306,86
13307,86
13308,86
13309,86
13310,86
13311,86
13312,86
13313,86
13314,86
13315,86
13316,86
13317,86
13318,86
13319,86
13320,86
13321,86
13322,86
13323,86
13324,86
13325,86
13326,86
13327,86
13328,86
13329,86
13330,86
13331,86
13332,86
13333,86
13334,86
13335,86
13336,86
13337,86
13338,86
13339,86
13340,86
13341,86
13342,86
13343,86
13344,86
13345,86
13346,86
13347,86
13348,86
13349,86
13350,86
13351,86
13352,86
13353,86
13354,86
13355,86
13356,86
13357,86
13358,86
13359,86
13360,86
13361,86
13362,86
13363,86
13364,86
13365,86
13366,86
13367,86
13368,86
13369,86
13370,86
13371,86
13372,86
13373,86
13374,86
13375,86
13376,86
13377,86
13378,86
13379,86
13380,86
13381,86
13382,86
13383,86
13384,86
13385,86
13386,86
13387,86
13388,86
13389,86
13390,86
13391,86
13392,86
13393,86
13394,86
13395,86
13396,86
13397,86
13398,86
13399,86
13400,86
13401,86
13402,86
13403,86
13404,86
13405,86
13406,86
13407,86
13408,86
13409,86
13410,86
13411,86
13412,86
13413,86
13414,86
13415,86
13416,86
13417,86
13418,86
13419,86
13420,86
13421,86
13422,86
13423,86
13424,86
13425,86
13426,86
13427,86
13428,86
13429,86
13430,86
13431,86
13432,86
13433,86
13434,86
13435,86
13436,86
13437,86
13438,86
13439,86
13440,86
13441,86
13442,86
13443,86
13444,86
13445,86
13446,86
13447,86
13448,86
13449,86
13450,86
13451,86
13452,86
13453,86
13454,86
13455,86
13456,86
13457,86
13458,86
13459,86
13460,86
13461,86
13462,86
13463,86
13464,86
13465,86
13466,86
13467,86
13468,86
13469,86
13470,86
13471,86
13472,86
13473,86
13474,86
13475,86
13476,86
13477,86
13478,86
13479,86
13480,86
13481,86
13482,86
13483,86
13484,86
13485,86
13486,86
13487,86
13488,86
13489,86
13490,86
13491,86
13492,86
13493,86
13494,86
13495,86
13496,86
13497,86
13498,86
13499,86
13500,86
13501,86
13502,86
13503,86
13504,86
13505,86
13506,86
13507,86
13508,86
13509,86
13510,86
13511,86
13512,86
13513,86
13514,86
13515,86
13516,86
13517,86
13518,86
13519,86
13520,86
13521,86
13522,86
13523,86
13524,86
13525,86
13526,86
13527,86
13528,86
13529,86
13530,86
13531,86
13532,86
13533,86
13534,86
13535,86
13536,86
13537,86
13538,86
13539,86
13540,86
13541,86
13542,86
13543,86
13544,86
13545,86
13546,86
13547,86
13548,86
13549,86
13550,86
13551,86
13552,86
13553,86
13554,86
13555,86
13556,86
13557,86
13558,86
13559,86
13560,86
13561,86
13562,86
13563,86
13564,86
13565,86
13566,86
13567,86
13568,86
13569,86
13570,86
13571,86
13572,86
13573,86
13574,86
13575,86
13576,86
13577,86
13578,86
13579,86
13580,86
13581,86
13582,86
13583,86
13584,86
13585,86
13586,86
13587,86
13588,86
13589,86
13590,86
13591,86
13592,86
13593,86
13594,86
13595,86
13596,86
13597,86
13598,86
13599,86
13600,86
13601,86
13602,86
13603,86
13604,86
13605,86
13606,86
13607,86
13608,86
13609,86
13610,86
13611,86
13612,86
13613,86
13614,86
13615,86
13616,86
13617,86
13618,86
13619,86
13620,86
13621,86
13622,86
13623,86
13624,86
13625,86
13626,86
13627,86
13628,86
13629,86
13630,86
13631,86
13632,86
13633,86
13634,86
13635,86
13636,86
13637,86
13638,86
13639,86
13640,86
13641,86
13642,86
13643,86
13644,86
13645,86
13646,86
13647,86
13648,86
13649,86
13650,86
13651,86
13652,86
13653,86
13654,86
13655,86
13656,86
13657,86
13658,86
13659,86
13660,86
13661,86
13662,86
13663,86
13664,86
13665,86
13666,86
13667,86
13668,86
13669,86
13670,86
13671,86
13672,86
13673,86
13674,86
13675,86
13676,86
13677,86
13678,86
13679,86
13680,86
13681,86
13682,86
13683,86
13684,86
13685,86
13686,86
13687,86
13688,86
13689,86
13690,86
13691,86
13692,86
13693,86
13694,86
13695,86
13696,86
13697,86
13698,86
13699,86
13700,86
13701,86
13702,86
13703,86
13704,86
13705,86
13706,86
13707,86
13708,86
13709,86
13710,86
13711,86
13712,86
13713,86
13714,86
13715,86
13716,86
13717,86
13718,86
13719,86
13720,86
13721,86
13722,86
13723,86
13724,86
13725,86
13726,86
13727,86
13728,86
13729,86
13730,86
13731,86
13732,86
13733,86
13734,86
13735,86
13736,86
13737,86
13738,86
13739,86
13740,86
13741,86
13742,86
13743,86
13744,86
13745,86
13746,86
13747,86
13748,86
13749,86
13750,86
13751,86
13752,86
13753,86
13754,86
13755,86
13756,86
13757,86
13758,86
13759,86
13760,86
13761,86
13762,86
13763,86
13764,86
13765,86
13766,86
13767,86
13768,86
13769,86
13770,86
13771,86
13772,86
13773,86
13774,86
13775,86
13776,86
13777,86
13778,86
13779,86
13780,86
13781,86
13782,86
13783,86
13784,86
13785,86
13786,86
13787,86
13788,86
13789,86
13790,86
13791,86
13792,86
13793,86
13794,86
13795,86
13796,86
13797,86
13798,86
13799,86
13800,86
13801,86
13802,86
13803,86
13804,86
13805,86
13806,86
13807,86
13808,86
13809,86
13810,86
13811,86
13812,86
13813,86
13814,86
13815,86
13816,86
13817,86
13818,86
13819,86
13820,86
13821,86
13822,86
13823,86
13824,86
13825,86
13826,86
13827,86
13828,86
13829,86
13830,86
13831,86
13832,86
13833,86
13834,86
13835,86
13836,86
13837,86
13838,86
13839,86
13840,86
13841,86
13842,86
13843,86
13844,86
13845,86
13846,86
13847,86
13848,86
13849,86
13850,86
13851,86
13852,86
13853,86
13854,86
13855,86
13856,86
13857,86
13858,86
13859,86
13860,86
13861,86
13862,86
13863,86
13864,86
13865,86
13866,86
13867,86
13868,86
13869,86
13870,86
13871,86
13872,86
13873,86
13874,86
13875,86
13876,86
13877,86
13878,86
13879,86
13880,86
13881,86
13882,86
13883,86
13884,86
13885,86
13886,86
13887,86
13888,86
13889,86
13890,86
13891,86
13892,86
13893,86
13894,86
13895,86
13896,86
13897,86
13898,86
13899,86
13900,86
13901,86
13902,86
13903,86
13904,86
13905,86
13906,86
13907,86
13908,86
13909,86
13910,86
13911,86
13912,86
13913,86
13914,86
13915,86
13916,86
13917,86
13918,86
13919,86
13920,86
13921,86
13922,86
13923,86
13924,86
13925,86
13926,86
13927,86
13928,86
13929,86
13930,86
13931,86
13932,86
13933,86
13934,86
13935,86
13936,86
13937,86
13938,86
13939,86
13940,86
13941,86
13942,86
13943,86
13944,86
13945,86
13946,86
13947,86
13948,86
13949,86
13950,86
13951,86
13952,86
13953,86
13954,86
13955,86
13956,86
13957,86
13958,86
13959,86
13960,86
13961,86
13962,86
13963,86
13964,86
13965,86
13966,86
13967,86
13968,86
13969,86
13970,86
13971,86
13972,86
13973,86
13974,86
13975,86
13976,86
13977,86
13978,86
13979,86
13980,86
13981,86
13982,86
13983,86
13984,86
13985,86
13986,86
13987,86
13988,86
13989,86
13990,86
13991,86
13992,86
13993,86
13994,86
13995,86
13996,86
13997,86
13998,86
13999,86
14000,86
14001,86
14002,86
14003,86
14004,86
14005,86
14006,86
14007,86
14008,86
14009,86
14010,86
14011,86
14012,86
14013,86
14014,86
14015,86
14016,86
14017,86
14018,86
14019,86
14020,86
14021,86
14022,86
14023,86
14024,86
14025,86
14026,86
14027,86
14028,86
14029,86
14030,86
14031,86
14032,86
14033,86
14034,86
14035,86
14036,86
14037,86
14038,86
14039,86
14040,86
14041,86
14042,86
14043,86
14044,86
14045,86
14046,86
14047,86
14048,86
14049,86
14050,86
14051,86
14052,86
14053,86
14054,86
14055,86
14056,86
14057,86
14058,86
14059,86
14060,86
14061,86
14062,86
14063,86
14064,86
14065,86
14066,86
14067,86
14068,86
14069,86
14070,86
14071,86
14072,86
14073,86
14074,86
14075,86
14076,86
14077,86
14078,86
14079,86
14080,86
14081,86
14082,86
14083,86
14084,86
14085,86
14086,86
14087,86
14088,86
14089,86
14090,86
14091,86
14092,86
14093,86
14094,86
14095,86
14096,86
14097,86
14098,86
14099,86
14100,86
14101,86
14102,86
14103,86
14104,86
14105,86
14106,86
14107,86
14108,86
14109,86
14110,86
14111,86
14112,86
14113,86
14114,86
14115,86
14116,86
14117,86
14118,86
14119,86
14120,86
14121,86
14122,86
14123,86
14124,86
14125,86
14126,86
14127,86
14128,86
14129,86
14130,86
14131,86
14132,86
14133,86
14134,86
14135,86
14136,86
14137,86
14138,86
14139,86
14140,86
14141,86
14142,86
14143,86
14144,86
14145,86
14146,86
14147,86
14148,86
14149,86
14150,86
14151,86
14152,86
14153,86
14154,86
14155,86
14156,86
14157,86
14158,86
14159,86
14160,86
14161,86
14162,86
14163,86
14164,86
14165,86
14166,86
14167,86
14168,86
14169,86
14170,86
14171,86
14172,86
14173,86
14174,86
14175,86
14176,86
14177,86
14178,86
14179,86
14180,86
14181,86
14182,86
14183,86
14184,86
14185,86
14186,86
14187,86
14188,86
14189,86
14190,86
14191,86
14192,86
14193,86
14194,86
14195,86
14196,86
14197,86
14198,86
14199,86
14200,86
14201,86
14202,86
14203,86
14204,86
14205,86
14206,86
14207,86
14208,86
14209,86
14210,86
14211,86
14212,86
14213,86
14214,86
14215,86
14216,86
14217,86
14218,86
14219,86
14220,86
14221,86
14222,86
14223,86
14224,86
14225,86
14226,86
14227,86
14228,86
14229,86
14230,86
14231,86
14232,86
14233,86
14234,86
14235,86
14236,86
14237,86
14238,86
14239,86
14240,86
14241,86
14242,86
14243,86
14244,86
14245,86
14246,86
14247,86
14248,86
14249,86
14250,86
14251,86
14252,86
14253,86
14254,86
14255,86
14256,86
14257,86
14258,86
14259,86
14260,86
14261,86
14262,86
14263,86
14264,86
14265,86
14266,86
14267,86
14268,86
14269,86
14270,86
14271,86
14272,86
14273,86
14274,86
14275,86
14276,86
14277,86
14278,86
14279,86
14280,86
14281,86
14282,86
14283,86
14284,86
14285,86
14286,86
14287,86
14288,86
14289,86
14290,86
14291,86
14292,86
14293,86
14294,86
14295,86
14296,86
14297,86
14298,86
14299,86
14300,86
14301,86
14302,86
14303,86
14304,86
14305,86
14306,86
14307,86
14308,86
14309,86
14310,86
14311,86
14312,86
14313,86
14314,86
14315,86
14316,86
14317,86
14318,86
14319,86
14320,86
14321,86
14322,86
14323,86
14324,86
14325,86
14326,86
14327,86
14328,86
14329,86
14330,86
14331,86
14332,86
14333,86
14334,86
14335,86
14336,86
14337,86
14338,86
14339,86
14340,86
14341,86
14342,86
14343,86
14344,86
14345,86
14346,86
14347,86
14348,86
14349,86
14350,86
14351,86
14352,86
14353,86
14354,86
14355,86
14356,86
14357,86
14358,86
14359,86
14360,86
14361,86
14362,86
14363,86
14364,86
14365,86
14366,86
14367,86
14368,86
14369,86
14370,86
14371,86
14372,86
14373,86
14374,86
14375,86
14376,86
14377,86
14378,86
14379,86
14380,86
14381,86
14382,86
14383,86
14384,86
14385,86
14386,86
14387,86
14388,86
14389,86
14390,86
14391,86
14392,86
14393,86
14394,86
14395,86
14396,86
14397,86
14398,86
14399,86
14400,86
14401,86
14402,86
14403,86
14404,86
14405,86
14406,86
14407,86
14408,86
14409,86
14410,86
14411,86
14412,86
14413,86
14414,86
14415,86
14416,86
14417,86
14418,86
14419,86
14420,86
14421,86
14422,86
14423,86
14424,86
14425,86
14426,86
14427,86
14428,86
14429,86
14430,86
14431,86
14432,86
14433,86
14434,86
14435,86
14436,86
14437,86
14438,86
14439,86
14440,86
14441,86
14442,86
14443,86
14444,86
14445,86
14446,86
14447,86
14448,86
14449,86
14450,86
14451,86
14452,86
14453,86
14454,86
14455,86
14456,86
14457,86
14458,86
14459,86
14460,86
14461,86
14462,86
14463,86
14464,86
14465,86
14466,86
14467,86
14468,86
14469,86
14470,86
14471,86
14472,86
14473,86
14474,86
14475,86
14476,86
14477,86
14478,86
14479,86
14480,86
14481,86
14482,86
14483,86
14484,86
14485,86
14486,86
14487,86
14488,86
14489,86
14490,86
14491,86
14492,86
14493,86
14494,86
14495,86
14496,86
14497,86
14498,86
14499,86
14500,86
14501,86
14502,86
14503,86
14504,86
14505,86
14506,86
14507,86
14508,86
14509,86
14510,86
14511,86
14512,86
14513,86
14514,86
14515,86
14516,86
14517,86
14518,86
14519,86
14520,86
14521,86
14522,86
14523,86
14524,86
14525,86
14526,86
14527,86
14528,86
14529,86
14530,86
14531,86
14532,86
14533,86
14534,86
14535,86
14536,86
14537,86
14538,86
14539,86
14540,86
14541,86
14542,86
14543,86
14544,86
14545,86
14546,86
14547,86
14548,86
14549,86
14550,86
14551,86
14552,86
14553,86
14554,86
14555,86
14556,86
14557,86
14558,86
14559,86
14560,86
14561,86
14562,86
14563,86
14564,86
14565,86
14566,86
14567,86
14568,86
14569,86
14570,86
14571,86
14572,86
14573,86
14574,86
14575,86
14576,86
14577,86
14578,86
14579,86
14580,86
14581,86
14582,86
14583,86
14584,86
14585,86
14586,86
14587,86
14588,86
14589,86
14590,86
14591,86
14592,86
14593,86
14594,86
14595,86
14596,86
14597,86
14598,86
14599,86
14600,86
14601,86
14602,86
14603,86
14604,86
14605,86
14606,86
14607,86
14608,86
14609,86
14610,86
14611,86
14612,86
14613,86
14614,86
14615,86
14616,86
14617,86
14618,86
14619,86
14620,86
14621,86
14622,86
14623,86
14624,86
14625,86
14626,86
14627,86
14628,86
14629,86
14630,86
14631,86
14632,86
14633,86
14634,86
14635,86
14636,86
14637,86
14638,86
14639,86
14640,86
14641,86
14642,86
14643,86
14644,86
14645,86
14646,86
14647,86
14648,86
14649,86
14650,86
14651,86
14652,86
14653,86
14654,86
14655,86
14656,86
14657,86
14658,86
14659,86
14660,86
14661,86
14662,86
14663,86
14664,86
14665,86
14666,86
14667,86
14668,86
14669,86
14670,86
14671,86
14672,86
14673,86
14674,86
14675,86
14676,86
14677,86
14678,86
14679,86
14680,86
14681,86
14682,86
14683,86
14684,86
14685,86
14686,86
14687,86
14688,86
14689,86
14690,86
14691,86
14692,86
14693,86
14694,86
14695,86
14696,86
14697,86
14698,86
14699,86
14700,86
14701,86
14702,86
14703,86
14704,86
14705,86
14706,86
14707,86
14708,86
14709,86
14710,86
14711,86
14712,86
14713,86
14714,86
14715,86
14716,86
14717,86
14718,86
14719,86
14720,86
14721,86
14722,86
14723,86
14724,86
14725,86
14726,86
14727,86
14728,86
14729,86
14730,86
14731,86
14732,86
14733,86
14734,86
14735,86
14736,86
14737,86
14738,86
14739,86
14740,86
14741,86
14742,86
14743,86
14744,86
14745,86
14746,86
14747,86
14748,86
14749,86
14750,86
14751,86
14752,86
14753,86
14754,86
14755,86
14756,86
14757,86
14758,86
14759,86
14760,86
14761,86
14762,86
14763,86
14764,86
14765,86
14766,86
14767,86
14768,86
14769,86
14770,86
14771,86
14772,86
14773,86
14774,86
14775,86
14776,86
14777,86
14778,86
14779,86
14780,86
14781,86
14782,86
14783,86
14784,86
14785,86
14786,86
14787,86
14788,86
14789,86
14790,86
14791,86
14792,86
14793,86
14794,86
14795,86
14796,86
14797,86
14798,86
14799,86
14800,86
14801,86
14802,86
14803,86
14804,86
14805,86
14806,86
14807,86
14808,86
14809,86
14810,86
14811,86
14812,86
14813,86
14814,86
14815,86
14816,86
14817,86
14818,86
14819,86
14820,86
14821,86
14822,86
14823,86
14824,86
14825,86
14826,86
14827,86
14828,86
14829,86
14830,86
14831,86
14832,86
14833,86
14834,86
14835,86
14836,86
14837,86
14838,86
14839,86
14840,86
14841,86
14842,86
14843,86
14844,86
14845,86
14846,86
14847,86
14848,86
14849,86
14850,86
14851,86
14852,86
14853,86
14854,86
14855,86
14856,86
14857,86
14858,86
14859,86
14860,86
14861,86
14862,86
14863,86
14864,86
14865,86
14866,86
14867,86
14868,86
14869,86
14870,86
14871,86
14872,86
14873,86
14874,86
14875,86
14876,86
14877,86
14878,86
14879,86
14880,86
14881,86
14882,86
14883,86
14884,86
14885,86
14886,86
14887,86
14888,86
14889,86
14890,86
14891,86
14892,86
14893,86
14894,86
14895,86
14896,86
14897,86
14898,86
14899,86
14900,86
14901,86
14902,86
14903,86
14904,86
14905,86
14906,86
14907,86
14908,86
14909,86
14910,86
14911,86
14912,86
14913,86
14914,86
14915,86
14916,86
14917,86
14918,86
14919,86
14920,86
14921,86
14922,86
14923,86
14924,86
14925,86
14926,86
14927,86
14928,86
14929,86
14930,86
14931,86
14932,86
14933,86
14934,86
14935,86
14936,86
14937,86
14938,86
14939,86
14940,86
14941,86
14942,86
14943,86
14944,86
14945,86
14946,86
14947,86
14948,86
14949,86
14950,86
14951,86
14952,86
14953,86
14954,86
14955,86
14956,86
14957,86
14958,86
14959,86
14960,86
14961,86
14962,86
14963,86
14964,86
14965,86
14966,86
14967,86
14968,86
14969,86
14970,86
14971,86
14972,86
14973,86
14974,86
14975,86
14976,86
14977,86
14978,86
14979,86
14980,86
14981,86
14982,86
14983,86
14984,86
14985,86
14986,86
14987,86
14988,86
14989,86
14990,86
14991,86
14992,86
14993,86
14994,86
14995,86
14996,86
14997,86
14998,86
14999,86
